Time,x
0.0,0.1
0.1,0.1
0.2,0.1
0.30000000000000004,0.1
0.4,0.1
0.5,0.1
0.6,0.1
0.7,0.1
0.7999999999999999,0.1
0.8999999999999999,0.1
0.9999999999999999,0.1
1.0999999999999999,0.1
1.2,0.1
1.3,0.1
1.4000000000000001,0.1
1.5000000000000002,0.1
1.6000000000000003,0.1
1.7000000000000004,0.1
1.8000000000000005,0.1
1.9000000000000006,0.1
2.0000000000000004,0.1
2.1000000000000005,0.1
2.2000000000000006,0.1
2.3000000000000007,0.1
2.400000000000001,0.1
2.500000000000001,0.1
2.600000000000001,0.1
2.700000000000001,0.1
2.800000000000001,0.1
2.9000000000000012,0.1
3.0000000000000013,0.1
3.1000000000000014,0.1
3.2000000000000015,0.1
3.3000000000000016,0.1
3.4000000000000017,0.1
3.5000000000000018,0.1
3.600000000000002,0.1
3.700000000000002,0.1
3.800000000000002,0.1
3.900000000000002,0.1
4.000000000000002,0.1
4.100000000000001,0.1
4.200000000000001,0.1
4.300000000000001,0.1
4.4,0.1
4.5,0.1
4.6,0.1
4.699999999999999,0.1
4.799999999999999,0.1
4.899999999999999,0.1
4.999999999999998,0.1
5.099999999999998,0.1
5.1999999999999975,0.1
5.299999999999997,0.1
5.399999999999997,0.1
5.4999999999999964,0.1
5.599999999999996,0.1
5.699999999999996,0.1
5.799999999999995,0.1
5.899999999999995,0.1
5.999999999999995,0.1
6.099999999999994,0.1
6.199999999999994,0.1
6.299999999999994,0.1
6.399999999999993,0.1
6.499999999999993,0.1
6.5999999999999925,0.1
6.699999999999992,0.1
6.799999999999992,0.1
6.8999999999999915,0.1
6.999999999999991,0.1
7.099999999999991,0.1
7.19999999999999,0.1
7.29999999999999,0.1
7.39999999999999,0.1
7.499999999999989,0.1
7.599999999999989,0.1
7.699999999999989,0.1
7.799999999999988,0.1
7.899999999999988,0.1
7.999999999999988,0.1
8.099999999999987,0.1
8.199999999999987,0.1
8.299999999999986,0.1
8.399999999999986,0.1
8.499999999999986,0.1
8.599999999999985,0.1
8.699999999999985,0.1
8.799999999999985,0.1
8.899999999999984,0.1
8.999999999999984,0.1
9.099999999999984,0.1
9.199999999999983,0.1
9.299999999999983,0.1
9.399999999999983,0.1
9.499999999999982,0.1
9.599999999999982,0.1
9.699999999999982,0.1
9.799999999999981,0.1
9.89999999999998,0.1
9.99999999999998,0.1
10.09999999999998,0.1
10.19999999999998,0.1
10.29999999999998,0.1
10.399999999999979,0.1
10.499999999999979,0.1
10.599999999999978,0.1
10.699999999999978,0.1
10.799999999999978,0.1
10.899999999999977,0.1
10.999999999999977,0.1
11.099999999999977,0.1
11.199999999999976,0.1
11.299999999999976,0.1
11.399999999999975,0.1
11.499999999999975,0.1
11.599999999999975,0.1
11.699999999999974,0.1
11.799999999999974,0.1
11.899999999999974,0.1
11.999999999999973,0.1
12.099999999999973,0.1
12.199999999999973,0.1
12.299999999999972,0.1
12.399999999999972,0.1
12.499999999999972,0.1
12.599999999999971,0.1
12.69999999999997,0.1
12.79999999999997,0.1
12.89999999999997,0.1
12.99999999999997,0.1
13.09999999999997,0.1
13.199999999999969,0.1
13.299999999999969,0.1
13.399999999999968,0.1
13.499999999999968,0.1
13.599999999999968,0.1
13.699999999999967,0.1
13.799999999999967,0.1
13.899999999999967,0.1
13.999999999999966,0.1
14.099999999999966,0.1
14.199999999999966,0.1
14.299999999999965,0.1
14.399999999999965,0.1
14.499999999999964,0.1
14.599999999999964,0.1
14.699999999999964,0.1
14.799999999999963,0.1
14.899999999999963,0.1
14.999999999999963,0.1
15.099999999999962,0.1
15.199999999999962,0.1
15.299999999999962,0.1
15.399999999999961,0.1
15.499999999999961,0.1
15.59999999999996,0.1
15.69999999999996,0.1
15.79999999999996,0.1
15.89999999999996,0.1
15.99999999999996,0.1
16.09999999999996,0.1
16.19999999999996,0.1
16.29999999999996,0.1
16.399999999999963,0.1
16.499999999999964,0.1
16.599999999999966,0.1
16.699999999999967,0.1
16.79999999999997,0.1
16.89999999999997,0.1
16.99999999999997,0.1
17.099999999999973,0.1
17.199999999999974,0.1
17.299999999999976,0.1
17.399999999999977,0.1
17.49999999999998,0.1
17.59999999999998,0.1
17.69999999999998,0.1
17.799999999999983,0.1
17.899999999999984,0.1
17.999999999999986,0.1
18.099999999999987,0.1
18.19999999999999,0.1
18.29999999999999,0.1
18.39999999999999,0.1
18.499999999999993,0.1
18.599999999999994,0.1
18.699999999999996,0.1
18.799999999999997,0.1
18.9,0.1
19.0,0.1
19.1,0.1
19.200000000000003,0.1
19.300000000000004,0.1
19.400000000000006,0.1
19.500000000000007,0.1
19.60000000000001,0.1
19.70000000000001,0.1
19.80000000000001,0.1
19.900000000000013,0.1
20.000000000000014,0.1
20.100000000000016,0.1
20.200000000000017,0.1
20.30000000000002,0.1
20.40000000000002,0.1
20.50000000000002,0.1
20.600000000000023,0.1
20.700000000000024,0.1
20.800000000000026,0.1
20.900000000000027,0.1
21.00000000000003,0.1
21.10000000000003,0.1
21.20000000000003,0.1
21.300000000000033,0.1
21.400000000000034,0.1
21.500000000000036,0.1
21.600000000000037,0.1
21.70000000000004,0.1
21.80000000000004,0.1
21.90000000000004,0.1
22.000000000000043,0.1
22.100000000000044,0.1
22.200000000000045,0.1
22.300000000000047,0.1
22.40000000000005,0.1
22.50000000000005,0.1
22.60000000000005,0.1
22.700000000000053,0.1
22.800000000000054,0.1
22.900000000000055,0.1
23.000000000000057,0.1
23.10000000000006,0.1
23.20000000000006,0.1
23.30000000000006,0.1
23.400000000000063,0.1
23.500000000000064,0.1
23.600000000000065,0.1
23.700000000000067,0.1
23.800000000000068,0.1
23.90000000000007,0.1
24.00000000000007,0.1
24.100000000000072,0.1
24.200000000000074,0.1
24.300000000000075,0.1
24.400000000000077,0.1
24.500000000000078,0.1
24.60000000000008,0.1
24.70000000000008,0.1
24.800000000000082,0.1
24.900000000000084,0.1
25.000000000000085,0.1
25.100000000000087,0.1
25.200000000000088,0.1
25.30000000000009,0.1
25.40000000000009,0.1
25.500000000000092,0.1
25.600000000000094,0.1
25.700000000000095,0.1
25.800000000000097,0.1
25.900000000000098,0.1
26.0000000000001,0.1
26.1000000000001,0.1
26.200000000000102,0.1
26.300000000000104,0.1
26.400000000000105,0.1
26.500000000000107,0.1
26.600000000000108,0.1
26.70000000000011,0.1
26.80000000000011,0.1
26.900000000000112,0.1
27.000000000000114,0.1
27.100000000000115,0.1
27.200000000000117,0.1
27.300000000000118,0.1
27.40000000000012,0.1
27.50000000000012,0.1
27.600000000000122,0.1
27.700000000000124,0.1
27.800000000000125,0.1
27.900000000000126,0.1
28.000000000000128,0.1
28.10000000000013,0.1
28.20000000000013,0.1
28.300000000000132,0.1
28.400000000000134,0.1
28.500000000000135,0.1
28.600000000000136,0.1
28.700000000000138,0.1
28.80000000000014,0.1
28.90000000000014,0.1
29.000000000000142,0.1
29.100000000000144,0.1
29.200000000000145,0.1
29.300000000000146,0.1
29.400000000000148,0.1
29.50000000000015,0.1
29.60000000000015,0.1
29.700000000000152,0.1
29.800000000000153,0.1
29.900000000000155,0.1
30.000000000000156,0.1
30.100000000000158,0.1
30.20000000000016,0.1
30.30000000000016,0.1
30.400000000000162,0.1
30.500000000000163,0.1
30.600000000000165,0.1
30.700000000000166,0.1
30.800000000000168,0.1
30.90000000000017,0.1
31.00000000000017,0.1
31.100000000000172,0.1
31.200000000000173,0.1
31.300000000000175,0.1
31.400000000000176,0.1
31.500000000000178,0.1
31.60000000000018,0.1
31.70000000000018,0.1
31.800000000000182,0.1
31.900000000000183,0.1
32.000000000000185,0.1
32.100000000000186,0.1
32.20000000000019,0.1
32.30000000000019,0.1
32.40000000000019,0.1
32.50000000000019,0.1
32.60000000000019,0.1
32.700000000000195,0.1
32.800000000000196,0.1
32.9000000000002,0.1
33.0000000000002,0.1
33.1000000000002,0.1
33.2000000000002,0.1
33.3000000000002,0.1
33.400000000000205,0.1
33.500000000000206,0.1
33.60000000000021,0.1
33.70000000000021,0.1
33.80000000000021,0.1
33.90000000000021,0.1
34.00000000000021,0.1
34.100000000000215,0.1
34.200000000000216,0.1
34.30000000000022,0.1
34.40000000000022,0.1
34.50000000000022,0.1
34.60000000000022,0.1
34.70000000000022,0.1
34.800000000000225,0.1
34.900000000000226,0.1
35.00000000000023,0.1
35.10000000000023,0.1
35.20000000000023,0.1
35.30000000000023,0.1
35.40000000000023,0.1
35.500000000000234,0.1
35.600000000000236,0.1
35.70000000000024,0.1
35.80000000000024,0.1
35.90000000000024,0.1
36.00000000000024,0.1
36.10000000000024,0.1
36.200000000000244,0.1
36.300000000000246,0.1
36.40000000000025,0.1
36.50000000000025,0.1
36.60000000000025,0.1
36.70000000000025,0.1
36.80000000000025,0.1
36.900000000000254,0.1
37.000000000000256,0.1
37.10000000000026,0.1
37.20000000000026,0.1
37.30000000000026,0.1
37.40000000000026,0.1
37.50000000000026,0.1
37.600000000000264,0.1
37.700000000000266,0.1
37.80000000000027,0.1
37.90000000000027,0.1
38.00000000000027,0.1
38.10000000000027,0.1
38.20000000000027,0.1
38.300000000000274,0.1
38.400000000000276,0.1
38.50000000000028,0.1
38.60000000000028,0.1
38.70000000000028,0.1
38.80000000000028,0.1
38.90000000000028,0.1
39.000000000000284,0.1
39.100000000000286,0.1
39.20000000000029,0.1
39.30000000000029,0.1
39.40000000000029,0.1
39.50000000000029,0.1
39.60000000000029,0.1
39.700000000000294,0.1
39.800000000000296,0.1
39.9000000000003,0.1
40.0000000000003,0.1
40.1000000000003,0.1
40.2000000000003,0.1
40.3000000000003,0.1
40.400000000000304,0.1
40.500000000000306,0.1
40.60000000000031,0.1
40.70000000000031,0.1
40.80000000000031,0.1
40.90000000000031,0.1
41.00000000000031,0.1
41.100000000000314,0.1
41.200000000000315,0.1
41.30000000000032,0.1
41.40000000000032,0.1
41.50000000000032,0.1
41.60000000000032,0.1
41.70000000000032,0.1
41.800000000000324,0.1
41.900000000000325,0.1
42.00000000000033,0.1
42.10000000000033,0.1
42.20000000000033,0.1
42.30000000000033,0.1
42.40000000000033,0.1
42.500000000000334,0.1
42.600000000000335,0.1
42.70000000000034,0.1
42.80000000000034,0.1
42.90000000000034,0.1
43.00000000000034,0.1
43.10000000000034,0.1
43.200000000000344,0.1
43.300000000000345,0.1
43.40000000000035,0.1
43.50000000000035,0.1
43.60000000000035,0.1
43.70000000000035,0.1
43.80000000000035,0.1
43.900000000000354,0.1
44.000000000000355,0.1
44.10000000000036,0.1
44.20000000000036,0.1
44.30000000000036,0.1
44.40000000000036,0.1
44.50000000000036,0.1
44.600000000000364,0.1
44.700000000000365,0.1
44.80000000000037,0.1
44.90000000000037,0.1
45.00000000000037,0.1
45.10000000000037,0.1
45.20000000000037,0.1
45.300000000000374,0.1
45.400000000000375,0.1
45.50000000000038,0.1
45.60000000000038,0.1
45.70000000000038,0.1
45.80000000000038,0.1
45.90000000000038,0.1
46.000000000000384,0.1
46.100000000000385,0.1
46.20000000000039,0.1
46.30000000000039,0.1
46.40000000000039,0.1
46.50000000000039,0.1
46.60000000000039,0.1
46.700000000000394,0.1
46.800000000000395,0.1
46.9000000000004,0.1
47.0000000000004,0.1
47.1000000000004,0.1
47.2000000000004,0.1
47.3000000000004,0.1
47.400000000000404,0.1
47.500000000000405,0.1
47.600000000000406,0.1
47.70000000000041,0.1
47.80000000000041,0.1
47.90000000000041,0.1
48.00000000000041,0.1
48.10000000000041,0.1
48.200000000000415,0.1
48.300000000000416,0.1
48.40000000000042,0.1
48.50000000000042,0.1
48.60000000000042,0.1
48.70000000000042,0.1
48.80000000000042,0.1
48.900000000000425,0.1
49.000000000000426,0.1
49.10000000000043,0.1
49.20000000000043,0.1
49.30000000000043,0.1
49.40000000000043,0.1
49.50000000000043,0.1
49.600000000000435,0.1
49.700000000000436,0.1
49.80000000000044,0.1
49.90000000000044,0.1
50.00000000000044,0.1
50.10000000000044,0.1
50.20000000000044,0.1
50.300000000000445,0.1
50.400000000000446,0.1
50.50000000000045,0.1
50.60000000000045,0.1
50.70000000000045,0.1
50.80000000000045,0.1
50.90000000000045,0.1
51.000000000000455,0.1
51.100000000000456,0.1
51.20000000000046,0.1
51.30000000000046,0.1
51.40000000000046,0.1
51.50000000000046,0.1
51.60000000000046,0.1
51.700000000000465,0.1
51.800000000000466,0.1
51.90000000000047,0.1
52.00000000000047,0.1
52.10000000000047,0.1
52.20000000000047,0.1
52.30000000000047,0.1
52.400000000000475,0.1
52.500000000000476,0.1
52.60000000000048,0.1
52.70000000000048,0.1
52.80000000000048,0.1
52.90000000000048,0.1
53.00000000000048,0.1
53.100000000000485,0.1
53.200000000000486,0.1
53.30000000000049,0.1
53.40000000000049,0.1
53.50000000000049,0.1
53.60000000000049,0.1
53.70000000000049,0.1
53.800000000000495,0.1
53.900000000000496,0.1
54.0000000000005,0.1
54.1000000000005,0.1
54.2000000000005,0.1
54.3000000000005,0.1
54.4000000000005,0.1
54.500000000000504,0.1
54.600000000000506,0.1
54.70000000000051,0.1
54.80000000000051,0.1
54.90000000000051,0.1
55.00000000000051,0.1
55.10000000000051,0.1
55.200000000000514,0.1
55.300000000000516,0.1
55.40000000000052,0.1
55.50000000000052,0.1
55.60000000000052,0.1
55.70000000000052,0.1
55.80000000000052,0.1
55.900000000000524,0.1
56.000000000000526,0.1
56.10000000000053,0.1
56.20000000000053,0.1
56.30000000000053,0.1
56.40000000000053,0.1
56.50000000000053,0.1
56.600000000000534,0.1
56.700000000000536,0.1
56.80000000000054,0.1
56.90000000000054,0.1
57.00000000000054,0.1
57.10000000000054,0.1
57.20000000000054,0.1
57.300000000000544,0.1
57.400000000000546,0.1
57.50000000000055,0.1
57.60000000000055,0.1
57.70000000000055,0.1
57.80000000000055,0.1
57.90000000000055,0.1
58.000000000000554,0.1
58.100000000000556,0.1
58.20000000000056,0.1
58.30000000000056,0.1
58.40000000000056,0.1
58.50000000000056,0.1
58.60000000000056,0.1
58.700000000000564,0.1
58.800000000000566,0.1
58.90000000000057,0.1
59.00000000000057,0.1
59.10000000000057,0.1
59.20000000000057,0.1
59.30000000000057,0.1
59.400000000000574,0.1
59.500000000000576,0.1
59.60000000000058,0.1
59.70000000000058,0.1
59.80000000000058,0.1
59.90000000000058,0.1
60.00000000000058,0.1
60.100000000000584,0.1
60.200000000000585,0.1
60.30000000000059,0.1
60.40000000000059,0.1
60.50000000000059,0.1
60.60000000000059,0.1
60.70000000000059,0.1
60.800000000000594,0.1
60.900000000000595,0.1
61.0000000000006,0.1
61.1000000000006,0.1
61.2000000000006,0.1
61.3000000000006,0.1
61.4000000000006,0.1
61.500000000000604,0.1
61.600000000000605,0.1
61.70000000000061,0.1
61.80000000000061,0.1
61.90000000000061,0.1
62.00000000000061,0.1
62.10000000000061,0.1
62.200000000000614,0.1
62.300000000000615,0.1
62.40000000000062,0.1
62.50000000000062,0.1
62.60000000000062,0.1
62.70000000000062,0.1
62.80000000000062,0.1
62.900000000000624,0.1
63.000000000000625,0.1
63.10000000000063,0.1
63.20000000000063,0.1
63.30000000000063,0.1
63.40000000000063,0.1
63.50000000000063,0.1
63.600000000000634,0.1
63.700000000000635,0.1
63.80000000000064,0.1
63.90000000000064,0.1
64.00000000000064,0.1
64.10000000000063,0.1
64.20000000000063,0.1
64.30000000000062,0.1
64.40000000000062,0.1
64.50000000000061,0.1
64.6000000000006,0.1
64.7000000000006,0.1
64.8000000000006,0.1
64.90000000000059,0.1
65.00000000000058,0.1
65.10000000000058,0.1
65.20000000000057,0.1
65.30000000000057,0.1
65.40000000000056,0.1
65.50000000000055,0.1
65.60000000000055,0.1
65.70000000000054,0.1
65.80000000000054,0.1
65.90000000000053,0.1
66.00000000000053,0.1
66.10000000000052,0.1
66.20000000000051,0.1
66.30000000000051,0.1
66.4000000000005,0.1
66.5000000000005,0.1
66.60000000000049,0.1
66.70000000000049,0.1
66.80000000000048,0.1
66.90000000000047,0.1
67.00000000000047,0.1
67.10000000000046,0.1
67.20000000000046,0.1
67.30000000000045,0.1
67.40000000000045,0.1
67.50000000000044,0.1
67.60000000000043,0.1
67.70000000000043,0.1
67.80000000000042,0.1
67.90000000000042,0.1
68.00000000000041,0.1
68.1000000000004,0.1
68.2000000000004,0.1
68.3000000000004,0.1
68.40000000000039,0.1
68.50000000000038,0.1
68.60000000000038,0.1
68.70000000000037,0.1
68.80000000000037,0.1
68.90000000000036,0.1
69.00000000000036,0.1
69.10000000000035,0.1
69.20000000000034,0.1
69.30000000000034,0.1
69.40000000000033,0.1
69.50000000000033,0.1
69.60000000000032,0.1
69.70000000000032,0.1
69.80000000000031,0.1
69.9000000000003,0.1
70.0000000000003,0.1
70.10000000000029,0.1
70.20000000000029,0.1
70.30000000000028,0.1
70.40000000000028,0.1
70.50000000000027,0.1
70.60000000000026,0.1
70.70000000000026,0.1
70.80000000000025,0.1
70.90000000000025,0.1
71.00000000000024,0.1
71.10000000000024,0.1
71.20000000000023,0.1
71.30000000000022,0.1
71.40000000000022,0.1
71.50000000000021,0.1
71.60000000000021,0.1
71.7000000000002,0.1
71.8000000000002,0.1
71.90000000000019,0.1
72.00000000000018,0.1
72.10000000000018,0.1
72.20000000000017,0.1
72.30000000000017,0.1
72.40000000000016,0.1
72.50000000000016,0.1
72.60000000000015,0.1
72.70000000000014,0.1
72.80000000000014,0.1
72.90000000000013,0.1
73.00000000000013,0.1
73.10000000000012,0.1
73.20000000000012,0.1
73.30000000000011,0.1
73.4000000000001,0.1
73.5000000000001,0.1
73.6000000000001,0.1
73.70000000000009,0.1
73.80000000000008,0.1
73.90000000000008,0.1
74.00000000000007,0.1
74.10000000000007,0.1
74.20000000000006,0.1
74.30000000000005,0.1
74.40000000000005,0.1
74.50000000000004,0.1
74.60000000000004,0.1
74.70000000000003,0.1
74.80000000000003,0.1
74.90000000000002,0.1
75.00000000000001,0.1
75.10000000000001,0.1
75.2,0.1
75.3,0.1
75.39999999999999,0.1
75.49999999999999,0.1
75.59999999999998,0.1
75.69999999999997,0.1
75.79999999999997,0.1
75.89999999999996,0.1
75.99999999999996,0.1
76.09999999999995,0.1
76.19999999999995,0.1
76.29999999999994,0.1
76.39999999999993,0.1
76.49999999999993,0.1
76.59999999999992,0.1
76.69999999999992,0.1
76.79999999999991,0.1
76.8999999999999,0.1
76.9999999999999,0.1
77.0999999999999,0.1
77.19999999999989,0.1
77.29999999999988,0.1
77.39999999999988,0.1
77.49999999999987,0.1
77.59999999999987,0.1
77.69999999999986,0.1
77.79999999999986,0.1
77.89999999999985,0.1
77.99999999999984,0.1
78.09999999999984,0.1
78.19999999999983,0.1
78.29999999999983,0.1
78.39999999999982,0.1
78.49999999999982,0.1
78.59999999999981,0.1
78.6999999999998,0.1
78.7999999999998,0.1
78.89999999999979,0.1
78.99999999999979,0.1
79.09999999999978,0.1
79.19999999999978,0.1
79.29999999999977,0.1
79.39999999999976,0.1
79.49999999999976,0.1
79.59999999999975,0.1
79.69999999999975,0.1
79.79999999999974,0.1
79.89999999999974,0.1
79.99999999999973,0.1
80.09999999999972,0.1
80.19999999999972,0.1
80.29999999999971,0.1
80.39999999999971,0.1
80.4999999999997,0.1
80.5999999999997,0.1
80.69999999999969,0.1
80.79999999999968,0.1
80.89999999999968,0.1
80.99999999999967,0.1
81.09999999999967,0.1
81.19999999999966,0.1
81.29999999999966,0.1
81.39999999999965,0.1
81.49999999999964,0.1
81.59999999999964,0.1
81.69999999999963,0.1
81.79999999999963,0.1
81.89999999999962,0.1
81.99999999999962,0.1
82.09999999999961,0.1
82.1999999999996,0.1
82.2999999999996,0.1
82.3999999999996,0.1
82.49999999999959,0.1
82.59999999999958,0.1
82.69999999999958,0.1
82.79999999999957,0.1
82.89999999999957,0.1
82.99999999999956,0.1
83.09999999999955,0.1
83.19999999999955,0.1
83.29999999999954,0.1
83.39999999999954,0.1
83.49999999999953,0.1
83.59999999999953,0.1
83.69999999999952,0.1
83.79999999999951,0.1
83.89999999999951,0.1
83.9999999999995,0.1
84.0999999999995,0.1
84.19999999999949,0.1
84.29999999999949,0.1
84.39999999999948,0.1
84.49999999999947,0.1
84.59999999999947,0.1
84.69999999999946,0.1
84.79999999999946,0.1
84.89999999999945,0.1
84.99999999999945,0.1
85.09999999999944,0.1
85.19999999999943,0.1
85.29999999999943,0.1
85.39999999999942,0.1
85.49999999999942,0.1
85.59999999999941,0.1
85.6999999999994,0.1
85.7999999999994,0.1
85.8999999999994,0.1
85.99999999999939,0.1
86.09999999999938,0.1
86.19999999999938,0.1
86.29999999999937,0.1
86.39999999999937,0.1
86.49999999999936,0.1
86.59999999999935,0.1
86.69999999999935,0.1
86.79999999999934,0.1
86.89999999999934,0.1
86.99999999999933,0.1
87.09999999999933,0.1
87.19999999999932,0.1
87.29999999999932,0.1
87.39999999999931,0.1
87.4999999999993,0.1
87.5999999999993,0.1
87.69999999999929,0.1
87.79999999999929,0.1
87.89999999999928,0.1
87.99999999999928,0.1
88.09999999999927,0.1
88.19999999999926,0.1
88.29999999999926,0.1
88.39999999999925,0.1
88.49999999999925,0.1
88.59999999999924,0.1
88.69999999999924,0.1
88.79999999999923,0.1
88.89999999999922,0.1
88.99999999999922,0.1
89.09999999999921,0.1
89.1999999999992,0.1
89.2999999999992,0.1
89.3999999999992,0.1
89.49999999999919,0.1
89.59999999999918,0.1
89.69999999999918,0.1
89.79999999999917,0.1
89.89999999999917,0.1
89.99999999999916,0.1
90.09999999999916,0.1
90.19999999999915,0.1
90.29999999999914,0.1
90.39999999999914,0.1
90.49999999999913,0.1
90.59999999999913,0.1
90.69999999999912,0.1
90.79999999999912,0.1
90.89999999999911,0.1
90.9999999999991,0.1
91.0999999999991,0.1
91.1999999999991,0.1
91.29999999999909,0.1
91.39999999999908,0.1
91.49999999999908,0.1
91.59999999999907,0.1
91.69999999999906,0.1
91.79999999999906,0.1
91.89999999999905,0.1
91.99999999999905,0.1
92.09999999999904,0.1
92.19999999999904,0.1
92.29999999999903,0.1
92.39999999999903,0.1
92.49999999999902,0.1
92.59999999999901,0.1
92.69999999999901,0.1
92.799999999999,0.1
92.899999999999,0.1
92.99999999999899,0.1
93.09999999999899,0.1
93.19999999999898,0.1
93.29999999999897,0.1
93.39999999999897,0.1
93.49999999999896,0.1
93.59999999999896,0.1
93.69999999999895,0.1
93.79999999999895,0.1
93.89999999999894,0.1
93.99999999999893,0.1
94.09999999999893,0.1
94.19999999999892,0.1
94.29999999999892,0.1
94.39999999999891,0.1
94.4999999999989,0.1
94.5999999999989,0.1
94.6999999999989,0.1
94.79999999999889,0.1
94.89999999999888,0.1
94.99999999999888,0.1
95.09999999999887,0.1
95.19999999999887,0.1
95.29999999999886,0.1
95.39999999999885,0.1
95.49999999999885,0.1
95.59999999999884,0.1
95.69999999999884,0.1
95.79999999999883,0.1
95.89999999999883,0.1
95.99999999999882,0.1
96.09999999999881,0.1
96.19999999999881,0.1
96.2999999999988,0.1
96.3999999999988,0.1
96.49999999999879,0.1
96.59999999999879,0.1
96.69999999999878,0.1
96.79999999999878,0.1
96.89999999999877,0.1
96.99999999999876,0.1
97.09999999999876,0.1
97.19999999999875,0.1
97.29999999999875,0.1
97.39999999999874,0.1
97.49999999999874,0.1
97.59999999999873,0.1
97.69999999999872,0.1
97.79999999999872,0.1
97.89999999999871,0.1
97.9999999999987,0.1
98.0999999999987,0.1
98.1999999999987,0.1
98.29999999999869,0.1
98.39999999999868,0.1
98.49999999999868,0.1
98.59999999999867,0.1
98.69999999999867,0.1
98.79999999999866,0.1
98.89999999999866,0.1
98.99999999999865,0.1
99.09999999999864,0.1
99.19999999999864,0.1
99.29999999999863,0.1
99.39999999999863,0.1
99.49999999999862,0.1
99.59999999999862,0.1
99.69999999999861,0.1
99.7999999999986,0.1
99.8999999999986,0.1
99.9999999999986,0.1
100.09999999999859,0.1
100.19999999999858,0.1
100.29999999999858,0.1
100.39999999999857,0.1
100.49999999999856,0.1
100.59999999999856,0.1
100.69999999999855,0.1
100.79999999999855,0.1
100.89999999999854,0.1
100.99999999999854,0.1
101.09999999999853,0.1
101.19999999999852,0.1
101.29999999999852,0.1
101.39999999999851,0.1
101.49999999999851,0.1
101.5999999999985,0.1
101.6999999999985,0.1
101.79999999999849,0.1
101.89999999999849,0.1
101.99999999999848,0.1
102.09999999999847,0.1
102.19999999999847,0.1
102.29999999999846,0.1
102.39999999999846,0.1
102.49999999999845,0.1
102.59999999999845,0.1
102.69999999999844,0.1
102.79999999999843,0.1
102.89999999999843,0.1
102.99999999999842,0.1
103.09999999999842,0.1
103.19999999999841,0.1
103.2999999999984,0.1
103.3999999999984,0.1
103.4999999999984,0.1
103.59999999999839,0.1
103.69999999999838,0.1
103.79999999999838,0.1
103.89999999999837,0.1
103.99999999999837,0.1
104.09999999999836,0.1
104.19999999999835,0.1
104.29999999999835,0.1
104.39999999999834,0.1
104.49999999999834,0.1
104.59999999999833,0.1
104.69999999999833,0.1
104.79999999999832,0.1
104.89999999999831,0.1
104.99999999999831,0.1
105.0999999999983,0.1
105.1999999999983,0.1
105.29999999999829,0.1
105.39999999999829,0.1
105.49999999999828,0.1
105.59999999999827,0.1
105.69999999999827,0.1
105.79999999999826,0.1
105.89999999999826,0.1
105.99999999999825,0.1
106.09999999999825,0.1
106.19999999999824,0.1
106.29999999999824,0.1
106.39999999999823,0.1
106.49999999999822,0.1
106.59999999999822,0.1
106.69999999999821,0.1
106.7999999999982,0.1
106.8999999999982,0.1
106.9999999999982,0.1
107.09999999999819,0.1
107.19999999999818,0.1
107.29999999999818,0.1
107.39999999999817,0.1
107.49999999999817,0.1
107.59999999999816,0.1
107.69999999999816,0.1
107.79999999999815,0.1
107.89999999999814,0.1
107.99999999999814,0.1
108.09999999999813,0.1
108.19999999999813,0.1
108.29999999999812,0.1
108.39999999999812,0.1
108.49999999999811,0.1
108.5999999999981,0.1
108.6999999999981,0.1
108.7999999999981,0.1
108.89999999999809,0.1
108.99999999999808,0.1
109.09999999999808,0.1
109.19999999999807,0.1
109.29999999999806,0.1
109.39999999999806,0.1
109.49999999999805,0.1
109.59999999999805,0.1
109.69999999999804,0.1
109.79999999999804,0.1
109.89999999999803,0.1
109.99999999999802,0.1
110.09999999999802,0.1
110.19999999999801,0.1
110.29999999999801,0.1
110.399999999998,0.1
110.499999999998,0.1
110.59999999999799,0.1
110.69999999999798,0.1
110.79999999999798,0.1
110.89999999999797,0.1
110.99999999999797,0.1
111.09999999999796,0.1
111.19999999999796,0.1
111.29999999999795,0.1
111.39999999999795,0.1
111.49999999999794,0.1
111.59999999999793,0.1
111.69999999999793,0.1
111.79999999999792,0.1
111.89999999999792,0.1
111.99999999999791,0.1
112.0999999999979,0.1
112.1999999999979,0.1
112.2999999999979,0.1
112.39999999999789,0.1
112.49999999999788,0.1
112.59999999999788,0.1
112.69999999999787,0.1
112.79999999999787,0.1
112.89999999999786,0.1
112.99999999999785,0.1
113.09999999999785,0.1
113.19999999999784,0.1
113.29999999999784,0.1
113.39999999999783,0.1
113.49999999999783,0.1
113.59999999999782,0.1
113.69999999999781,0.1
113.79999999999781,0.1
113.8999999999978,0.1
113.9999999999978,0.1
114.09999999999779,0.1
114.19999999999779,0.1
114.29999999999778,0.1
114.39999999999777,0.1
114.49999999999777,0.1
114.59999999999776,0.1
114.69999999999776,0.1
114.79999999999775,0.1
114.89999999999775,0.1
114.99999999999774,0.1
115.09999999999773,0.1
115.19999999999773,0.1
115.29999999999772,0.1
115.39999999999772,0.1
115.49999999999771,0.1
115.5999999999977,0.1
115.6999999999977,0.1
115.7999999999977,0.1
115.89999999999769,0.1
115.99999999999768,0.1
116.09999999999768,0.1
116.19999999999767,0.1
116.29999999999767,0.1
116.39999999999766,0.1
116.49999999999766,0.1
116.59999999999765,0.1
116.69999999999764,0.1
116.79999999999764,0.1
116.89999999999763,0.1
116.99999999999763,0.1
117.09999999999762,0.1
117.19999999999762,0.1
117.29999999999761,0.1
117.3999999999976,0.1
117.4999999999976,0.1
117.59999999999759,0.1
117.69999999999759,0.1
117.79999999999758,0.1
117.89999999999758,0.1
117.99999999999757,0.1
118.09999999999756,0.1
118.19999999999756,0.1
118.29999999999755,0.1
118.39999999999755,0.1
118.49999999999754,0.1
118.59999999999754,0.1
118.69999999999753,0.1
118.79999999999752,0.1
118.89999999999752,0.1
118.99999999999751,0.1
119.09999999999751,0.1
119.1999999999975,0.1
119.2999999999975,0.1
119.39999999999749,0.1
119.49999999999748,0.1
119.59999999999748,0.1
119.69999999999747,0.1
119.79999999999747,0.1
119.89999999999746,0.1
119.99999999999746,0.1
120.09999999999745,0.1
120.19999999999744,0.1
120.29999999999744,0.1
120.39999999999743,0.1
120.49999999999743,0.1
120.59999999999742,0.1
120.69999999999742,0.1
120.79999999999741,0.1
120.8999999999974,0.1
120.9999999999974,0.1
121.0999999999974,0.1
121.19999999999739,0.1
121.29999999999738,0.1
121.39999999999738,0.1
121.49999999999737,0.1
121.59999999999737,0.1
121.69999999999736,0.1
121.79999999999735,0.1
121.89999999999735,0.1
121.99999999999734,0.1
122.09999999999734,0.1
122.19999999999733,0.1
122.29999999999733,0.1
122.39999999999732,0.1
122.49999999999731,0.1
122.59999999999731,0.1
122.6999999999973,0.1
122.7999999999973,0.1
122.89999999999729,0.1
122.99999999999729,0.1
123.09999999999728,0.1
123.19999999999727,0.1
123.29999999999727,0.1
123.39999999999726,0.1
123.49999999999726,0.1
123.59999999999725,0.1
123.69999999999725,0.1
123.79999999999724,0.1
123.89999999999723,0.1
123.99999999999723,0.1
124.09999999999722,0.1
124.19999999999722,0.1
124.29999999999721,0.1
124.3999999999972,0.1
124.4999999999972,0.1
124.5999999999972,0.1
124.69999999999719,0.1
124.79999999999718,0.1
124.89999999999718,0.1
124.99999999999717,0.1
125.09999999999717,0.1
125.19999999999716,0.1
125.29999999999715,0.1
125.39999999999715,0.1
125.49999999999714,0.1
125.59999999999714,0.1
125.69999999999713,0.1
125.79999999999713,0.1
125.89999999999712,0.1
125.99999999999712,0.1
126.09999999999711,0.1
126.1999999999971,0.1
126.2999999999971,0.1
126.39999999999709,0.1
126.49999999999709,0.1
126.59999999999708,0.1
126.69999999999708,0.1
126.79999999999707,0.1
126.89999999999706,0.1
126.99999999999706,0.1
127.09999999999705,0.1
127.19999999999705,0.1
127.29999999999704,0.1
127.39999999999704,0.1
127.49999999999703,0.1
127.59999999999702,0.1
127.69999999999702,0.1
127.79999999999701,0.1
127.89999999999701,0.1
127.999999999997,0.1
128.099999999997,0.1
128.199999999997,0.1
128.299999999997,0.1
128.399999999997,0.1
128.499999999997,0.1
128.59999999999698,0.1
128.69999999999698,0.1
128.79999999999697,0.1
128.89999999999696,0.1
128.99999999999696,0.1
129.09999999999695,0.1
129.19999999999695,0.1
129.29999999999694,0.1
129.39999999999694,0.1
129.49999999999693,0.1
129.59999999999692,0.1
129.69999999999692,0.1
129.7999999999969,0.1
129.8999999999969,0.1
129.9999999999969,0.1
130.0999999999969,0.1
130.1999999999969,0.1
130.29999999999688,0.1
130.39999999999688,0.1
130.49999999999687,0.1
130.59999999999687,0.1
130.69999999999686,0.1
130.79999999999686,0.1
130.89999999999685,0.1
130.99999999999685,0.1
131.09999999999684,0.1
131.19999999999683,0.1
131.29999999999683,0.1
131.39999999999682,0.1
131.49999999999682,0.1
131.5999999999968,0.1
131.6999999999968,0.1
131.7999999999968,0.1
131.8999999999968,0.1
131.9999999999968,0.1
132.09999999999678,0.1
132.19999999999678,0.1
132.29999999999677,0.1
132.39999999999677,0.1
132.49999999999676,0.1
132.59999999999675,0.1
132.69999999999675,0.1
132.79999999999674,0.1
132.89999999999674,0.1
132.99999999999673,0.1
133.09999999999673,0.1
133.19999999999672,0.1
133.29999999999671,0.1
133.3999999999967,0.1
133.4999999999967,0.1
133.5999999999967,0.1
133.6999999999967,0.1
133.7999999999967,0.1
133.89999999999668,0.1
133.99999999999667,0.1
134.09999999999667,0.1
134.19999999999666,0.1
134.29999999999666,0.1
134.39999999999665,0.1
134.49999999999665,0.1
134.59999999999664,0.1
134.69999999999663,0.1
134.79999999999663,0.1
134.89999999999662,0.1
134.99999999999662,0.1
135.0999999999966,0.1
135.1999999999966,0.1
135.2999999999966,0.1
135.3999999999966,0.1
135.4999999999966,0.1
135.59999999999658,0.1
135.69999999999658,0.1
135.79999999999657,0.1
135.89999999999657,0.1
135.99999999999656,0.1
136.09999999999656,0.1
136.19999999999655,0.1
136.29999999999654,0.1
136.39999999999654,0.1
136.49999999999653,0.1
136.59999999999653,0.1
136.69999999999652,0.1
136.79999999999652,0.1
136.8999999999965,0.1
136.9999999999965,0.1
137.0999999999965,0.1
137.1999999999965,0.1
137.2999999999965,0.1
137.39999999999648,0.1
137.49999999999648,0.1
137.59999999999647,0.1
137.69999999999646,0.1
137.79999999999646,0.1
137.89999999999645,0.1
137.99999999999645,0.1
138.09999999999644,0.1
138.19999999999644,0.1
138.29999999999643,0.1
138.39999999999642,0.1
138.49999999999642,0.1
138.5999999999964,0.1
138.6999999999964,0.1
138.7999999999964,0.1
138.8999999999964,0.1
138.9999999999964,0.1
139.09999999999638,0.1
139.19999999999638,0.1
139.29999999999637,0.1
139.39999999999637,0.1
139.49999999999636,0.1
139.59999999999636,0.1
139.69999999999635,0.1
139.79999999999634,0.1
139.89999999999634,0.1
139.99999999999633,0.1
140.09999999999633,0.1
140.19999999999632,0.1
140.29999999999632,0.1
140.3999999999963,0.1
140.4999999999963,0.1
140.5999999999963,0.1
140.6999999999963,0.1
140.7999999999963,0.1
140.89999999999628,0.1
140.99999999999628,0.1
141.09999999999627,0.1
141.19999999999627,0.1
141.29999999999626,0.1
141.39999999999625,0.1
141.49999999999625,0.1
141.59999999999624,0.1
141.69999999999624,0.1
141.79999999999623,0.1
141.89999999999623,0.1
141.99999999999622,0.1
142.09999999999621,0.1
142.1999999999962,0.1
142.2999999999962,0.1
142.3999999999962,0.1
142.4999999999962,0.1
142.5999999999962,0.1
142.69999999999618,0.1
142.79999999999617,0.1
142.89999999999617,0.1
142.99999999999616,0.1
143.09999999999616,0.1
143.19999999999615,0.1
143.29999999999615,0.1
143.39999999999614,0.1
143.49999999999613,0.1
143.59999999999613,0.1
143.69999999999612,0.1
143.79999999999612,0.1
143.8999999999961,0.1
143.9999999999961,0.1
144.0999999999961,0.1
144.1999999999961,0.1
144.2999999999961,0.1
144.39999999999608,0.1
144.49999999999608,0.1
144.59999999999607,0.1
144.69999999999607,0.1
144.79999999999606,0.1
144.89999999999606,0.1
144.99999999999605,0.1
145.09999999999604,0.1
145.19999999999604,0.1
145.29999999999603,0.1
145.39999999999603,0.1
145.49999999999602,0.1
145.59999999999602,0.1
145.699999999996,0.1
145.799999999996,0.1
145.899999999996,0.1
145.999999999996,0.1
146.099999999996,0.1
146.19999999999598,0.1
146.29999999999598,0.1
146.39999999999597,0.1
146.49999999999596,0.1
146.59999999999596,0.1
146.69999999999595,0.1
146.79999999999595,0.1
146.89999999999594,0.1
146.99999999999594,0.1
147.09999999999593,0.1
147.19999999999592,0.1
147.29999999999592,0.1
147.3999999999959,0.1
147.4999999999959,0.1
147.5999999999959,0.1
147.6999999999959,0.1
147.7999999999959,0.1
147.89999999999588,0.1
147.99999999999588,0.1
148.09999999999587,0.1
148.19999999999587,0.1
148.29999999999586,0.1
148.39999999999586,0.1
148.49999999999585,0.1
148.59999999999584,0.1
148.69999999999584,0.1
148.79999999999583,0.1
148.89999999999583,0.1
148.99999999999582,0.1
149.09999999999582,0.1
149.1999999999958,0.1
149.2999999999958,0.1
149.3999999999958,0.1
149.4999999999958,0.1
149.5999999999958,0.1
149.69999999999578,0.1
149.79999999999578,0.1
149.89999999999577,0.1
149.99999999999577,0.1
150.09999999999576,0.1
150.19999999999575,0.1
150.29999999999575,0.1
150.39999999999574,0.1
150.49999999999574,0.1
150.59999999999573,0.1
150.69999999999573,0.1
150.79999999999572,0.1
150.8999999999957,0.1
150.9999999999957,0.1
151.0999999999957,0.1
151.1999999999957,0.1
151.2999999999957,0.1
151.39999999999569,0.1
151.49999999999568,0.1
151.59999999999567,0.1
151.69999999999567,0.1
151.79999999999566,0.1
151.89999999999566,0.1
151.99999999999565,0.1
152.09999999999565,0.1
152.19999999999564,0.1
152.29999999999563,0.1
152.39999999999563,0.1
152.49999999999562,0.1
152.59999999999562,0.1
152.6999999999956,0.1
152.7999999999956,0.1
152.8999999999956,0.1
152.9999999999956,0.1
153.0999999999956,0.1
153.19999999999558,0.1
153.29999999999558,0.1
153.39999999999557,0.1
153.49999999999557,0.1
153.59999999999556,0.1
153.69999999999555,0.1
153.79999999999555,0.1
153.89999999999554,0.1
153.99999999999554,0.1
154.09999999999553,0.1
154.19999999999553,0.1
154.29999999999552,0.1
154.39999999999552,0.1
154.4999999999955,0.1
154.5999999999955,0.1
154.6999999999955,0.1
154.7999999999955,0.1
154.8999999999955,0.1
154.99999999999548,0.1
155.09999999999548,0.1
155.19999999999547,0.1
155.29999999999546,0.1
155.39999999999546,0.1
155.49999999999545,0.1
155.59999999999545,0.1
155.69999999999544,0.1
155.79999999999544,0.1
155.89999999999543,0.1
155.99999999999542,0.1
156.09999999999542,0.1
156.1999999999954,0.1
156.2999999999954,0.1
156.3999999999954,0.1
156.4999999999954,0.1
156.5999999999954,0.1
156.69999999999538,0.1
156.79999999999538,0.1
156.89999999999537,0.1
156.99999999999537,0.1
157.09999999999536,0.1
157.19999999999536,0.1
157.29999999999535,0.1
157.39999999999534,0.1
157.49999999999534,0.1
157.59999999999533,0.1
157.69999999999533,0.1
157.79999999999532,0.1
157.89999999999532,0.1
157.9999999999953,0.1
158.0999999999953,0.1
158.1999999999953,0.1
158.2999999999953,0.1
158.3999999999953,0.1
158.49999999999528,0.1
158.59999999999528,0.1
158.69999999999527,0.1
158.79999999999526,0.1
158.89999999999526,0.1
158.99999999999525,0.1
159.09999999999525,0.1
159.19999999999524,0.1
159.29999999999524,0.1
159.39999999999523,0.1
159.49999999999523,0.1
159.59999999999522,0.1
159.6999999999952,0.1
159.7999999999952,0.1
159.8999999999952,0.1
159.9999999999952,0.1
160.0999999999952,0.1
160.19999999999519,0.1
160.29999999999518,0.1
160.39999999999517,0.1
160.49999999999517,0.1
160.59999999999516,0.1
160.69999999999516,0.1
160.79999999999515,0.1
160.89999999999515,0.1
160.99999999999514,0.1
161.09999999999513,0.1
161.19999999999513,0.1
161.29999999999512,0.1
161.39999999999512,0.1
161.4999999999951,0.1
161.5999999999951,0.1
161.6999999999951,0.1
161.7999999999951,0.1
161.8999999999951,0.1
161.99999999999508,0.1
162.09999999999508,0.1
162.19999999999507,0.1
162.29999999999507,0.1
162.39999999999506,0.1
162.49999999999505,0.1
162.59999999999505,0.1
162.69999999999504,0.1
162.79999999999504,0.1
162.89999999999503,0.1
162.99999999999503,0.1
163.09999999999502,0.1
163.19999999999501,0.1
163.299999999995,0.1
163.399999999995,0.1
163.499999999995,0.1
163.599999999995,0.1
163.699999999995,0.1
163.79999999999498,0.1
163.89999999999498,0.1
163.99999999999497,0.1
164.09999999999496,0.1
164.19999999999496,0.1
164.29999999999495,0.1
164.39999999999495,0.1
164.49999999999494,0.1
164.59999999999494,0.1
164.69999999999493,0.1
164.79999999999492,0.1
164.89999999999492,0.1
164.9999999999949,0.1
165.0999999999949,0.1
165.1999999999949,0.1
165.2999999999949,0.1
165.3999999999949,0.1
165.49999999999488,0.1
165.59999999999488,0.1
165.69999999999487,0.1
165.79999999999487,0.1
165.89999999999486,0.1
165.99999999999486,0.1
166.09999999999485,0.1
166.19999999999484,0.1
166.29999999999484,0.1
166.39999999999483,0.1
166.49999999999483,0.1
166.59999999999482,0.1
166.69999999999482,0.1
166.7999999999948,0.1
166.8999999999948,0.1
166.9999999999948,0.1
167.0999999999948,0.1
167.1999999999948,0.1
167.29999999999478,0.1
167.39999999999478,0.1
167.49999999999477,0.1
167.59999999999476,0.1
167.69999999999476,0.1
167.79999999999475,0.1
167.89999999999475,0.1
167.99999999999474,0.1
168.09999999999474,0.1
168.19999999999473,0.1
168.29999999999472,0.1
168.39999999999472,0.1
168.4999999999947,0.1
168.5999999999947,0.1
168.6999999999947,0.1
168.7999999999947,0.1
168.8999999999947,0.1
168.99999999999469,0.1
169.09999999999468,0.1
169.19999999999467,0.1
169.29999999999467,0.1
169.39999999999466,0.1
169.49999999999466,0.1
169.59999999999465,0.1
169.69999999999465,0.1
169.79999999999464,0.1
169.89999999999463,0.1
169.99999999999463,0.1
170.09999999999462,0.1
170.19999999999462,0.1
170.2999999999946,0.1
170.3999999999946,0.1
170.4999999999946,0.1
170.5999999999946,0.1
170.6999999999946,0.1
170.79999999999458,0.1
170.89999999999458,0.1
170.99999999999457,0.1
171.09999999999457,0.1
171.19999999999456,0.1
171.29999999999455,0.1
171.39999999999455,0.1
171.49999999999454,0.1
171.59999999999454,0.1
171.69999999999453,0.1
171.79999999999453,0.1
171.89999999999452,0.1
171.99999999999451,0.1
172.0999999999945,0.1
172.1999999999945,0.1
172.2999999999945,0.1
172.3999999999945,0.1
172.4999999999945,0.1
172.59999999999448,0.1
172.69999999999447,0.1
172.79999999999447,0.1
172.89999999999446,0.1
172.99999999999446,0.1
173.09999999999445,0.1
173.19999999999445,0.1
173.29999999999444,0.1
173.39999999999444,0.1
173.49999999999443,0.1
173.59999999999442,0.1
173.69999999999442,0.1
173.7999999999944,0.1
173.8999999999944,0.1
173.9999999999944,0.1
174.0999999999944,0.1
174.1999999999944,0.1
174.29999999999438,0.1
174.39999999999438,0.1
174.49999999999437,0.1
174.59999999999437,0.1
174.69999999999436,0.1
174.79999999999436,0.1
174.89999999999435,0.1
174.99999999999434,0.1
175.09999999999434,0.1
175.19999999999433,0.1
175.29999999999433,0.1
175.39999999999432,0.1
175.49999999999432,0.1
175.5999999999943,0.1
175.6999999999943,0.1
175.7999999999943,0.1
175.8999999999943,0.1
175.9999999999943,0.1
176.09999999999428,0.1
176.19999999999428,0.1
176.29999999999427,0.1
176.39999999999426,0.1
176.49999999999426,0.1
176.59999999999425,0.1
176.69999999999425,0.1
176.79999999999424,0.1
176.89999999999424,0.1
176.99999999999423,0.1
177.09999999999422,0.1
177.19999999999422,0.1
177.2999999999942,0.1
177.3999999999942,0.1
177.4999999999942,0.1
177.5999999999942,0.1
177.6999999999942,0.1
177.79999999999418,0.1
177.89999999999418,0.1
177.99999999999417,0.1
178.09999999999417,0.1
178.19999999999416,0.1
178.29999999999416,0.1
178.39999999999415,0.1
178.49999999999415,0.1
178.59999999999414,0.1
178.69999999999413,0.1
178.79999999999413,0.1
178.89999999999412,0.1
178.99999999999412,0.1
179.0999999999941,0.1
179.1999999999941,0.1
179.2999999999941,0.1
179.3999999999941,0.1
179.4999999999941,0.1
179.59999999999408,0.1
179.69999999999408,0.1
179.79999999999407,0.1
179.89999999999407,0.1
179.99999999999406,0.1
180.09999999999405,0.1
180.19999999999405,0.1
180.29999999999404,0.1
180.39999999999404,0.1
180.49999999999403,0.1
180.59999999999403,0.1
180.69999999999402,0.1
180.79999999999401,0.1
180.899999999994,0.1
180.999999999994,0.1
181.099999999994,0.1
181.199999999994,0.1
181.299999999994,0.1
181.39999999999398,0.1
181.49999999999397,0.1
181.59999999999397,0.1
181.69999999999396,0.1
181.79999999999396,0.1
181.89999999999395,0.1
181.99999999999395,0.1
182.09999999999394,0.1
182.19999999999393,0.1
182.29999999999393,0.1
182.39999999999392,0.1
182.49999999999392,0.1
182.5999999999939,0.1
182.6999999999939,0.1
182.7999999999939,0.1
182.8999999999939,0.1
182.9999999999939,0.1
183.09999999999388,0.1
183.19999999999388,0.1
183.29999999999387,0.1
183.39999999999387,0.1
183.49999999999386,0.1
183.59999999999386,0.1
183.69999999999385,0.1
183.79999999999384,0.1
183.89999999999384,0.1
183.99999999999383,0.1
184.09999999999383,0.1
184.19999999999382,0.1
184.29999999999382,0.1
184.3999999999938,0.1
184.4999999999938,0.1
184.5999999999938,0.1
184.6999999999938,0.1
184.7999999999938,0.1
184.89999999999378,0.1
184.99999999999378,0.1
185.09999999999377,0.1
185.19999999999376,0.1
185.29999999999376,0.1
185.39999999999375,0.1
185.49999999999375,0.1
185.59999999999374,0.1
185.69999999999374,0.1
185.79999999999373,0.1
185.89999999999372,0.1
185.99999999999372,0.1
186.0999999999937,0.1
186.1999999999937,0.1
186.2999999999937,0.1
186.3999999999937,0.1
186.4999999999937,0.1
186.59999999999368,0.1
186.69999999999368,0.1
186.79999999999367,0.1
186.89999999999367,0.1
186.99999999999366,0.1
187.09999999999366,0.1
187.19999999999365,0.1
187.29999999999364,0.1
187.39999999999364,0.1
187.49999999999363,0.1
187.59999999999363,0.1
187.69999999999362,0.1
187.79999999999362,0.1
187.8999999999936,0.1
187.9999999999936,0.1
188.0999999999936,0.1
188.1999999999936,0.1
188.2999999999936,0.1
188.39999999999358,0.1
188.49999999999358,0.1
188.59999999999357,0.1
188.69999999999357,0.1
188.79999999999356,0.1
188.89999999999355,0.1
188.99999999999355,0.1
189.09999999999354,0.1
189.19999999999354,0.1
189.29999999999353,0.1
189.39999999999353,0.1
189.49999999999352,0.1
189.5999999999935,0.1
189.6999999999935,0.1
189.7999999999935,0.1
189.8999999999935,0.1
189.9999999999935,0.1
190.09999999999349,0.1
190.19999999999348,0.1
190.29999999999347,0.1
190.39999999999347,0.1
190.49999999999346,0.1
190.59999999999346,0.1
190.69999999999345,0.1
190.79999999999345,0.1
190.89999999999344,0.1
190.99999999999343,0.1
191.09999999999343,0.1
191.19999999999342,0.1
191.29999999999342,0.1
191.3999999999934,0.1
191.4999999999934,0.1
191.5999999999934,0.1
191.6999999999934,0.1
191.7999999999934,0.1
191.89999999999338,0.1
191.99999999999338,0.1
192.09999999999337,0.1
192.19999999999337,0.1
192.29999999999336,0.1
192.39999999999336,0.1
192.49999999999335,0.1
192.59999999999334,0.1
192.69999999999334,0.1
192.79999999999333,0.1
192.89999999999333,0.1
192.99999999999332,0.1
193.09999999999332,0.1
193.1999999999933,0.1
193.2999999999933,0.1
193.3999999999933,0.1
193.4999999999933,0.1
193.5999999999933,0.1
193.69999999999328,0.1
193.79999999999328,0.1
193.89999999999327,0.1
193.99999999999326,0.1
194.09999999999326,0.1
194.19999999999325,0.1
194.29999999999325,0.1
194.39999999999324,0.1
194.49999999999324,0.1
194.59999999999323,0.1
194.69999999999322,0.1
194.79999999999322,0.1
194.8999999999932,0.1
194.9999999999932,0.1
195.0999999999932,0.1
195.1999999999932,0.1
195.2999999999932,0.1
195.39999999999318,0.1
195.49999999999318,0.1
195.59999999999317,0.1
195.69999999999317,0.1
195.79999999999316,0.1
195.89999999999316,0.1
195.99999999999315,0.1
196.09999999999314,0.1
196.19999999999314,0.1
196.29999999999313,0.1
196.39999999999313,0.1
196.49999999999312,0.1
196.59999999999312,0.1
196.6999999999931,0.1
196.7999999999931,0.1
196.8999999999931,0.1
196.9999999999931,0.1
197.0999999999931,0.1
197.19999999999308,0.1
197.29999999999308,0.1
197.39999999999307,0.1
197.49999999999307,0.1
197.59999999999306,0.1
197.69999999999305,0.1
197.79999999999305,0.1
197.89999999999304,0.1
197.99999999999304,0.1
198.09999999999303,0.1
198.19999999999303,0.1
198.29999999999302,0.1
198.399999999993,0.1
198.499999999993,0.1
198.599999999993,0.1
198.699999999993,0.1
198.799999999993,0.1
198.89999999999299,0.1
198.99999999999298,0.1
199.09999999999297,0.1
199.19999999999297,0.1
199.29999999999296,0.1
199.39999999999296,0.1
199.49999999999295,0.1
199.59999999999295,0.1
199.69999999999294,0.1
199.79999999999293,0.1
199.89999999999293,0.1
